{"loss": [NaN, NaN, NaN, NaN, NaN, NaN, NaN, NaN, NaN, NaN, NaN, NaN], "mae": [NaN, NaN, NaN, NaN, NaN, NaN, NaN, NaN, NaN, NaN, NaN, NaN], "mse": [NaN, NaN, NaN, NaN, NaN, NaN, NaN, NaN, NaN, NaN, NaN, NaN], "mean_q": [NaN, NaN, NaN, NaN, NaN, NaN, NaN, NaN, NaN, NaN, NaN, NaN], "mean_eps": [NaN, NaN, NaN, NaN, NaN, NaN, NaN, NaN, NaN, NaN, NaN, NaN], "episode_reward": [197.4000000000001, -9.0, -2.8000000000000043, 9.800000000000008, 100.19999999999999, 7.200000000000005, -0.9999999999999996, -8.99999999999999, -9.399999999999999, -24.999999999999943, -11.399999999999979, -13.999999999999979], "nb_episode_steps": [67, 45, 40, 55, 104, 42, 83, 71, 47, 125, 109, 148], "nb_steps": [67, 112, 152, 207, 311, 353, 436, 507, 554, 679, 788, 936], "episode": [0, 1, 2, 3, 4, 5, 6, 7, 8, 9, 10, 11], "duration": [1.4314970999999979, 0.7338242999999984, 0.6567569999999989, 1.145715899999999, 2.9938505000000006, 0.6873388000000027, 1.3712954999999987, 1.3447612999999983, 0.7487369000000008, 2.2139618, 3.1952424999999955, 3.758519700000001]}