{"loss": [NaN, NaN, NaN, NaN, NaN, NaN, NaN, NaN, NaN, NaN, NaN, NaN, NaN, NaN, NaN, NaN, NaN, NaN, NaN, NaN], "mae": [NaN, NaN, NaN, NaN, NaN, NaN, NaN, NaN, NaN, NaN, NaN, NaN, NaN, NaN, NaN, NaN, NaN, NaN, NaN, NaN], "mse": [NaN, NaN, NaN, NaN, NaN, NaN, NaN, NaN, NaN, NaN, NaN, NaN, NaN, NaN, NaN, NaN, NaN, NaN, NaN, NaN], "mean_q": [NaN, NaN, NaN, NaN, NaN, NaN, NaN, NaN, NaN, NaN, NaN, NaN, NaN, NaN, NaN, NaN, NaN, NaN, NaN, NaN], "mean_eps": [NaN, NaN, NaN, NaN, NaN, NaN, NaN, NaN, NaN, NaN, NaN, NaN, NaN, NaN, NaN, NaN, NaN, NaN, NaN, NaN], "episode_reward": [-2.199999999999998, 15.800000000000008, -5.000000000000002, -7.400000000000004, -0.2000000000000004, 3.5999999999999988, 0.6000000000000001, -3.8000000000000087, -9.0, -0.20000000000000395, 3.599999999999998, -7.000000000000006, -1.8, -2.1999999999999913, 4.599999999999999, -6.400000000000003, 4.799999999999996, -8.600000000000003, -14.199999999999982, -3.2000000000000006], "nb_episode_steps": [63, 51, 51, 37, 27, 34, 23, 97, 45, 53, 34, 61, 35, 63, 55, 32, 54, 69, 71, 16], "nb_steps": [63, 114, 165, 202, 229, 263, 286, 383, 428, 481, 515, 576, 611, 674, 729, 761, 815, 884, 955, 971], "episode": [0, 1, 2, 3, 4, 5, 6, 7, 8, 9, 10, 11, 12, 13, 14, 15, 16, 17, 18, 19], "duration": [0.9745193899998412, 0.629141941000853, 0.5646063030017103, 0.4027574060000916, 0.29250942900034715, 0.38830574300118315, 0.25391697399936675, 1.1281699929986644, 0.4540844540006219, 0.5765267889983079, 0.4887723720003123, 0.6926091469995299, 0.3959328649998497, 0.6976397640009964, 0.6000147439990542, 0.38796012199964025, 0.7293848739991518, 0.7793521749990759, 0.7859817500011559, 0.19504676899850892]}