{"loss": [NaN, NaN, NaN], "mae": [NaN, NaN, NaN], "mse": [NaN, NaN, NaN], "mean_q": [NaN, NaN, NaN], "mean_eps": [NaN, NaN, NaN], "episode_reward": [-97.4, -99.8, -98.0], "nb_episode_steps": [13, 25, 16], "nb_steps": [13, 38, 54], "episode": [0, 1, 2], "duration": [0.4695553330000166, 0.2591713869999239, 0.18685880199996063]}