{"loss": [NaN, NaN], "mae": [NaN, NaN], "mse": [NaN, NaN], "mean_q": [NaN, NaN], "mean_eps": [NaN, NaN], "episode_reward": [-104.80000000000001, -101.80000000000001], "nb_episode_steps": [24, 61], "nb_steps": [24, 85], "episode": [0, 1], "duration": [2.1458632979999948, 0.6305359649999787]}