{"loss": [NaN, NaN, NaN, NaN, NaN, NaN, NaN, NaN, NaN, NaN, NaN, NaN, NaN, NaN], "mae": [NaN, NaN, NaN, NaN, NaN, NaN, NaN, NaN, NaN, NaN, NaN, NaN, NaN, NaN], "mse": [NaN, NaN, NaN, NaN, NaN, NaN, NaN, NaN, NaN, NaN, NaN, NaN, NaN, NaN], "mean_q": [NaN, NaN, NaN, NaN, NaN, NaN, NaN, NaN, NaN, NaN, NaN, NaN, NaN, NaN], "mean_eps": [NaN, NaN, NaN, NaN, NaN, NaN, NaN, NaN, NaN, NaN, NaN, NaN, NaN, NaN], "episode_reward": [-6.200000000000003, -9.599999999999977, -1.400000000000002, -4.2000000000000055, -2.600000000000002, 98.19999999999995, -6.000000000000006, 0.599999999999997, -9.599999999999993, -2.8000000000000034, -16.999999999999968, 1.7999999999999923, 2.999999999999993, -5.799999999999997], "nb_episode_steps": [31, 100, 33, 47, 39, 35, 56, 49, 100, 92, 111, 69, 89, 55], "nb_steps": [31, 131, 164, 211, 250, 285, 341, 390, 490, 582, 693, 762, 851, 906], "episode": [0, 1, 2, 3, 4, 5, 6, 7, 8, 9, 10, 11, 12, 13], "duration": [0.4602012999999996, 0.6517724999999999, 0.2133617999999995, 0.306321500000001, 0.25071630000000056, 0.23506049999999945, 0.3650626000000017, 0.4249863000000005, 0.7265109999999986, 0.831309000000001, 0.7537397000000006, 0.4759954999999998, 0.6429726000000002, 0.420693]}