{"loss": [NaN, NaN, 9.235494613647461, 1.2298125804234774, 0.9682958688248288, 2.195520247519016, 1.9605818611383439, 1.185558844357729], "mae": [NaN, NaN, 1.1322851181030273, 0.7747556624504236, 0.6453079093586315, 0.5930556075913566, 0.5887784868478775, 0.5933082774281502], "mse": [NaN, NaN, 4.619992733001709, 9.053385062095446, 6.326252005316994, 6.061646091938019, 5.730990831851959, 7.568090856075287], "mean_q": [NaN, NaN, 1.720920443534851, 3.0887084756142054, 2.690971856767481, 2.459768547330584, 2.532739245891571, 2.3575997315347195], "mean_eps": [NaN, NaN, 0.98182, 0.9747100000000006, 0.9657099999999997, 0.96058, 0.9529299999999999, 0.94555], "episode_reward": [38.799999999999976, 9.200000000000003, -2.4, 5.199999999999997, -4.400000000000001, -1.8000000000000016, 0.3999999999999961, -1.200000000000002], "nb_episode_steps": [32, 58, 12, 78, 22, 35, 50, 32], "nb_steps": [32, 90, 102, 180, 202, 237, 287, 319], "episode": [0, 1, 2, 3, 4, 5, 6, 7], "duration": [17.303374006998638, 30.64118685200083, 8.1845933600016, 43.8125076719989, 12.29273140100122, 19.64452396300112, 28.033455254000728, 17.65869244500209]}