{"loss": [NaN, NaN, NaN], "mae": [NaN, NaN, NaN], "mse": [NaN, NaN, NaN], "mean_q": [NaN, NaN, NaN], "mean_eps": [NaN, NaN, NaN], "episode_reward": [-91.2, -96.2, -105.60000000000001], "nb_episode_steps": [34, 33, 28], "nb_steps": [34, 67, 95], "episode": [0, 1, 2], "duration": [0.691465024000081, 0.3519442369999979, 0.32225023000000874]}