{"loss": [NaN, 0.5778162189019032, 0.38068671772877377, 0.32734003577913556, 0.24206556379795074, 0.22957348184926168, 0.1961215132704148, 7.822180676208416, 5.347440985043844, 3.6751794642523716, 9.735987275838852, 9.800527483224869, 7.460276745735331, 6.09958098464542, 4.674636108141679, 22.86268604060878, 20.31352296183186, 18.699157404899598], "mae": [NaN, 0.9797629989110507, 0.8519794965783755, 0.7906525475638253, 0.74403011515027, 0.6772882716996329, 0.6241854612643902, 0.6878153732125188, 0.7163645195960998, 0.7100154109168471, 1.0881539408753558, 1.5404498815536498, 1.7691237774301083, 1.717204785346985, 1.8952990293502807, 2.4920991814654805, 3.7620950860361897, 4.172791856527328], "mean_q": [NaN, 1.8268044728499193, 1.7073426644007366, 1.6814906358718873, 1.6801532052812123, 1.555912617274693, 1.4525969395270715, 1.7567141559762014, 2.151091014544169, 2.2276709205225895, 2.7638436759390483, 3.987920808792114, 5.088701755442518, 5.596724987030029, 6.043643467242902, 6.4617715192877725, 9.37796417359383, 10.60617356300354], "mean_eps": [NaN, 0.88, 0.8485, 0.8189999999999998, 0.791, 0.763, 0.7259999999999999, 0.6710000000000003, 0.5980000000000001, 0.5320000000000001, 0.48299999999999993, 0.4424999999999999, 0.3990000000000001, 0.353, 0.298, 0.24250000000000002, 0.1885, 0.13750000000000007], "episode_reward": [2.1999999999999966, 6.199999999999998, 0.3999999999999994, 3.399999999999995, 0.9999999999999989, -1.8000000000000025, -7.800000000000004, 106.59999999999984, 11.000000000000018, 114.59999999999997, 12.600000000000005, 23.20000000000001, 16.60000000000002, -3.800000000000002, 123.39999999999998, 111.59999999999995, 92.79999999999993, -2.8000000000000043], "nb_episode_steps": [93, 47, 24, 35, 21, 35, 39, 71, 75, 57, 41, 40, 47, 45, 65, 46, 62, 40], "nb_steps": [93, 140, 164, 199, 220, 255, 294, 365, 440, 497, 538, 578, 625, 670, 735, 781, 843, 883], "episode": [0, 1, 2, 3, 4, 5, 6, 7, 8, 9, 10, 11, 12, 13, 14, 15, 16, 17], "duration": [0.7110803490013495, 2.5250562029996217, 0.5855581920004624, 1.003405499001019, 0.4687009970002691, 0.8234565819984709, 0.8657503009999346, 1.5119936850005615, 1.8854019439986587, 1.4171381810010644, 1.042587834999722, 0.8551217310014181, 1.008843233999869, 0.959866212999259, 1.3726019010009622, 0.9971197320010106, 1.2949068460002309, 0.8371047500004352]}