{"loss": [NaN, NaN, NaN, NaN, NaN, NaN, NaN, NaN, NaN, NaN, NaN, NaN, NaN], "mae": [NaN, NaN, NaN, NaN, NaN, NaN, NaN, NaN, NaN, NaN, NaN, NaN, NaN], "mse": [NaN, NaN, NaN, NaN, NaN, NaN, NaN, NaN, NaN, NaN, NaN, NaN, NaN], "mean_q": [NaN, NaN, NaN, NaN, NaN, NaN, NaN, NaN, NaN, NaN, NaN, NaN, NaN], "mean_eps": [NaN, NaN, NaN, NaN, NaN, NaN, NaN, NaN, NaN, NaN, NaN, NaN, NaN], "episode_reward": [-3.4000000000000057, 106.59999999999985, 119.99999999999989, 5.400000000000005, -4.6000000000000005, -4.000000000000002, -7.800000000000006, -0.40000000000000396, 101.59999999999994, 105.99999999999977, -11.39999999999999, -5.800000000000004, -13.599999999999966], "nb_episode_steps": [69, 97, 56, 51, 75, 46, 65, 80, 96, 100, 83, 81, 94], "nb_steps": [69, 166, 222, 273, 348, 394, 459, 539, 635, 735, 818, 899, 993], "episode": [0, 1, 2, 3, 4, 5, 6, 7, 8, 9, 10, 11, 12], "duration": [1.0003826299944194, 1.02630780301115, 0.6540622419997817, 0.65523033500358, 0.8107500320038525, 0.5564409619983053, 0.8903194750018883, 0.9475405429984676, 1.0650694260111777, 1.2467634700005874, 0.8709535559901269, 0.9723435740015702, 1.0453211029962404]}