{"loss": [NaN, NaN, NaN, NaN, NaN, NaN, NaN, NaN, NaN, NaN, NaN, NaN, NaN, NaN, NaN, NaN, NaN, NaN, NaN, NaN, NaN, NaN, NaN, NaN, NaN, NaN, NaN, NaN], "mae": [NaN, NaN, NaN, NaN, NaN, NaN, NaN, NaN, NaN, NaN, NaN, NaN, NaN, NaN, NaN, NaN, NaN, NaN, NaN, NaN, NaN, NaN, NaN, NaN, NaN, NaN, NaN, NaN], "mse": [NaN, NaN, NaN, NaN, NaN, NaN, NaN, NaN, NaN, NaN, NaN, NaN, NaN, NaN, NaN, NaN, NaN, NaN, NaN, NaN, NaN, NaN, NaN, NaN, NaN, NaN, NaN, NaN], "mean_q": [NaN, NaN, NaN, NaN, NaN, NaN, NaN, NaN, NaN, NaN, NaN, NaN, NaN, NaN, NaN, NaN, NaN, NaN, NaN, NaN, NaN, NaN, NaN, NaN, NaN, NaN, NaN, NaN], "mean_eps": [NaN, NaN, NaN, NaN, NaN, NaN, NaN, NaN, NaN, NaN, NaN, NaN, NaN, NaN, NaN, NaN, NaN, NaN, NaN, NaN, NaN, NaN, NaN, NaN, NaN, NaN, NaN, NaN], "episode_reward": [0.19999999999999996, -0.6000000000000039, 4.599999999999996, -3.600000000000004, 3.3999999999999986, 0.9999999999999984, 16.80000000000001, -0.20000000000000107, 8.8, 1.3999999999999961, -5.000000000000001, -5.200000000000001, -4.4, 9.999999999999998, -2.0000000000000053, -6.8000000000000025, -2.0, -4.000000000000004, -6.8000000000000025, -4.800000000000007, 9.399999999999997, -6.400000000000002, -14.399999999999984, -5.800000000000002, -6.000000000000002, -15.39999999999998, -5.800000000000002, -6.000000000000002], "nb_episode_steps": [20, 50, 24, 39, 30, 16, 41, 22, 29, 40, 20, 21, 17, 49, 57, 29, 31, 41, 29, 71, 52, 27, 67, 24, 25, 72, 24, 25], "nb_steps": [20, 70, 94, 133, 163, 179, 220, 242, 271, 311, 331, 352, 369, 418, 475, 504, 535, 576, 605, 676, 728, 755, 822, 846, 871, 943, 967, 992], "episode": [0, 1, 2, 3, 4, 5, 6, 7, 8, 9, 10, 11, 12, 13, 14, 15, 16, 17, 18, 19, 20, 21, 22, 23, 24, 25, 26, 27], "duration": [0.5735877370000253, 0.4654346170000281, 0.23572632100012925, 0.37931897099997514, 0.30047086500007936, 0.1633651380000174, 0.3858805160000429, 0.2473038699999961, 0.30432690699990417, 0.44195017200013353, 0.1892852819999007, 0.24537686200005737, 0.1585923800000728, 0.4777146730000368, 0.5656929360000049, 0.4414922490000208, 0.33699285399984547, 0.3915296389998275, 0.3581746759998623, 0.7428290289999495, 0.5386745379998956, 0.29076508100001774, 0.714555030999918, 0.2299511399999119, 0.27230470900008186, 0.7348295649999272, 0.2550707599998532, 0.3132709139999861]}